LABELS
#use this template to change the leaf labels, or define/change the internal node names (displayed in mouseover popups)

#lines starting with a hash are comments and ignored during parsing

#=================================================================#
#                    MANDATORY SETTINGS                           #
#=================================================================#
#select the separator which is used to delimit the data below (TAB,SPACE or COMMA).This separator must be used throughout this file (except in the SEPARATOR line, which uses space).

SEPARATOR TAB
#SEPARATOR SPACE
#SEPARATOR COMMA

#Internal tree nodes can be specified using IDs directly, or using the 'last common ancestor' method described in iTOL help pages
#=================================================================#
#       Actual data follows after the "DATA" keyword              #
#=================================================================#
DATA
#NODE_ID,LABEL

#Examples
#define a name for an internal node
#9031|9606,Metazoa

#change the label for leaf node 9606
Achlya_hypogyna.OQR91223.1	Achlya_hypogyna.OQR91223.1Aphanomyces_astaci.XP_009832186.1	Aphanomyces_astaci.XP_009832186.1Aphanomyces_invadans.XP_008866784.1	Aphanomyces_invadans.XP_008866784.1Aureobasidium_pullulans.KEQ80685.1	Aureobasidium_pullulans.KEQ80685.1Aureobasidium_pullulans.KEQ85627.1	Aureobasidium_pullulans.KEQ85627.1Aureobasidium_pullulans.KEQ88023.1	Aureobasidium_pullulans.KEQ88023.1Azolla_filiculoides.Azfi_s0104.g044779	Azolla_filiculoides.Azfi_s0104.g044779Botryobasidium_botryosum.KDQ06692.1	Botryobasidium_botryosum.KDQ06692.1Botryobasidium_botryosum.KDQ07530.1	Botryobasidium_botryosum.KDQ07530.1Botryobasidium_botryosum.KDQ08506.1	Botryobasidium_botryosum.KDQ08506.1Botryobasidium_botryosum.KDQ08615.1	Botryobasidium_botryosum.KDQ08615.1Botryobasidium_botryosum.KDQ08661.1	Botryobasidium_botryosum.KDQ08661.1Botryobasidium_botryosum.KDQ09224.1	Botryobasidium_botryosum.KDQ09224.1Botryobasidium_botryosum.KDQ09374.1	Botryobasidium_botryosum.KDQ09374.1Botryobasidium_botryosum.KDQ09771.1	Botryobasidium_botryosum.KDQ09771.1Botryobasidium_botryosum.KDQ09994.1	Botryobasidium_botryosum.KDQ09994.1Botryobasidium_botryosum.KDQ09995.1	Botryobasidium_botryosum.KDQ09995.1Botryobasidium_botryosum.KDQ10059.1	Botryobasidium_botryosum.KDQ10059.1Botryobasidium_botryosum.KDQ10362.1	Botryobasidium_botryosum.KDQ10362.1Botryobasidium_botryosum.KDQ10550.1	Botryobasidium_botryosum.KDQ10550.1Botryobasidium_botryosum.KDQ10577.1	Botryobasidium_botryosum.KDQ10577.1Botryobasidium_botryosum.KDQ10578.1	Botryobasidium_botryosum.KDQ10578.1Botryobasidium_botryosum.KDQ13041.1	Botryobasidium_botryosum.KDQ13041.1Botryobasidium_botryosum.KDQ13042.1	Botryobasidium_botryosum.KDQ13042.1Botryobasidium_botryosum.KDQ13154.1	Botryobasidium_botryosum.KDQ13154.1Botryobasidium_botryosum.KDQ13629.1	Botryobasidium_botryosum.KDQ13629.1Botryobasidium_botryosum.KDQ13776.1	Botryobasidium_botryosum.KDQ13776.1Botryobasidium_botryosum.KDQ13995.1	Botryobasidium_botryosum.KDQ13995.1Botryobasidium_botryosum.KDQ14119.1	Botryobasidium_botryosum.KDQ14119.1Botryobasidium_botryosum.KDQ15082.1	Botryobasidium_botryosum.KDQ15082.1Botryobasidium_botryosum.KDQ18294.1	Botryobasidium_botryosum.KDQ18294.1Botryobasidium_botryosum.KDQ18667.1	Botryobasidium_botryosum.KDQ18667.1Chlamydomonas_reinhardtii.Cre03.g146867.t1.1	Chlamydomonas_reinhardtii.Cre03.g146867.t1.1Chlamydomonas_reinhardtii.Cre03.g146867.t2.1	Chlamydomonas_reinhardtii.Cre03.g146867.t2.1Chlamydomonas_reinhardtii.Cre08.g358564.t1.1	Chlamydomonas_reinhardtii.Cre08.g358564.t1.1Drechslerella_stenobrocha.EWC45155.1	Drechslerella_stenobrocha.EWC45155.1Drechslerella_stenobrocha.EWC46808.1	Drechslerella_stenobrocha.EWC46808.1Drechslerella_stenobrocha.EWC47461.1	Drechslerella_stenobrocha.EWC47461.1Drechslerella_stenobrocha.EWC47892.1	Drechslerella_stenobrocha.EWC47892.1Gonium_pectorale.KXZ50802.1	Gonium_pectorale.KXZ50802.1Gonium_pectorale.KXZ50803.1	Gonium_pectorale.KXZ50803.1Heterobasidion_irregulare.XP_009542710.1	Heterobasidion_irregulare.XP_009542710.1Heterobasidion_irregulare.XP_009548492.1	Heterobasidion_irregulare.XP_009548492.1Heterobasidion_irregulare.XP_009552039.1	Heterobasidion_irregulare.XP_009552039.1Heterobasidion_irregulare.XP_009552617.1	Heterobasidion_irregulare.XP_009552617.1Laetiporus_sulphureus.KZT03683.1	Laetiporus_sulphureus.KZT03683.1Laetiporus_sulphureus.KZT03685.1	Laetiporus_sulphureus.KZT03685.1Laetiporus_sulphureus.KZT03759.1	Laetiporus_sulphureus.KZT03759.1Laetiporus_sulphureus.KZT10203.1	Laetiporus_sulphureus.KZT10203.1Laetiporus_sulphureus.KZT11002.1	Laetiporus_sulphureus.KZT11002.1Marssonina_coronariae.OWO92784.1	Marssonina_coronariae.OWO92784.1Marssonina_coronariae.OWO98475.1	Marssonina_coronariae.OWO98475.1Marssonina_coronariae.OWO98772.1	Marssonina_coronariae.OWO98772.1Marssonina_coronariae.OWO99126.1	Marssonina_coronariae.OWO99126.1Marssonina_coronariae.OWO99129.1	Marssonina_coronariae.OWO99129.1Marssonina_coronariae.OWP00044.1	Marssonina_coronariae.OWP00044.1Marssonina_coronariae.OWP00676.1	Marssonina_coronariae.OWP00676.1Marssonina_coronariae.OWP00762.1	Marssonina_coronariae.OWP00762.1Marssonina_coronariae.OWP01204.1	Marssonina_coronariae.OWP01204.1Marssonina_coronariae.OWP01687.1	Marssonina_coronariae.OWP01687.1Marssonina_coronariae.OWP02867.1	Marssonina_coronariae.OWP02867.1Marssonina_coronariae.OWP03236.1	Marssonina_coronariae.OWP03236.1Marssonina_coronariae.OWP03460.1	Marssonina_coronariae.OWP03460.1Marssonina_coronariae.OWP04189.1	Marssonina_coronariae.OWP04189.1Marssonina_coronariae.OWP04824.1	Marssonina_coronariae.OWP04824.1Marssonina_coronariae.OWP05700.1	Marssonina_coronariae.OWP05700.1Marssonina_coronariae.OWP06617.1	Marssonina_coronariae.OWP06617.1Marssonina_coronariae.OWP07446.1	Marssonina_coronariae.OWP07446.1Moniliophthora_roreri.KTB27436.1	Moniliophthora_roreri.KTB27436.1Moniliophthora_roreri.KTB28025.1	Moniliophthora_roreri.KTB28025.1Moniliophthora_roreri.KTB28481.1	Moniliophthora_roreri.KTB28481.1Moniliophthora_roreri.KTB28481.1_2	Moniliophthora_roreri.KTB28481.1_2Moniliophthora_roreri.KTB30143.1	Moniliophthora_roreri.KTB30143.1Moniliophthora_roreri.KTB30799.1	Moniliophthora_roreri.KTB30799.1Moniliophthora_roreri.KTB31425.1	Moniliophthora_roreri.KTB31425.1Moniliophthora_roreri.KTB32968.1	Moniliophthora_roreri.KTB32968.1Moniliophthora_roreri.KTB33707.1	Moniliophthora_roreri.KTB33707.1Moniliophthora_roreri.KTB36211.1	Moniliophthora_roreri.KTB36211.1Moniliophthora_roreri.KTB37005.1	Moniliophthora_roreri.KTB37005.1Moniliophthora_roreri.KTB37401.1	Moniliophthora_roreri.KTB37401.1Moniliophthora_roreri.KTB39546.1	Moniliophthora_roreri.KTB39546.1Moniliophthora_roreri.KTB40189.1	Moniliophthora_roreri.KTB40189.1Moniliophthora_roreri.KTB42998.1	Moniliophthora_roreri.KTB42998.1Moniliophthora_roreri.KTB43273.1	Moniliophthora_roreri.KTB43273.1Moniliophthora_roreri.KTB43789.1	Moniliophthora_roreri.KTB43789.1Moniliophthora_roreri.KTB45021.1	Moniliophthora_roreri.KTB45021.1Moniliophthora_roreri.KTB46592.1	Moniliophthora_roreri.KTB46592.1Moniliophthora_roreri.KTB47110.1	Moniliophthora_roreri.KTB47110.1Mycoplasmataceae_bacterium.A0A0H1S8I9	Mycoplasmataceae_bacterium.A0A0H1S8I9Mycoplasmataceae_bacterium.A0A0H1SA39	Mycoplasmataceae_bacterium.A0A0H1SA39Mycoplasmataceae_bacterium.A0A0H1SAW3	Mycoplasmataceae_bacterium.A0A0H1SAW3Mycoplasmataceae_bacterium.A0A0H1SHC9	Mycoplasmataceae_bacterium.A0A0H1SHC9Mycoplasmataceae_bacterium.A0A0H1SIF1	Mycoplasmataceae_bacterium.A0A0H1SIF1Penicillium_vulpinum.OQE04500.1	Penicillium_vulpinum.OQE04500.1Penicillium_vulpinum.OQE04536.1	Penicillium_vulpinum.OQE04536.1Penicillium_vulpinum.OQE04546.1	Penicillium_vulpinum.OQE04546.1Penicillium_vulpinum.OQE04617.1	Penicillium_vulpinum.OQE04617.1Penicillium_vulpinum.OQE12096.1	Penicillium_vulpinum.OQE12096.1Phaeomoniella_chlamydospora.KKY14869.1	Phaeomoniella_chlamydospora.KKY14869.1Phaeomoniella_chlamydospora.KKY15876.1	Phaeomoniella_chlamydospora.KKY15876.1Phaeomoniella_chlamydospora.KKY15905.1	Phaeomoniella_chlamydospora.KKY15905.1Phaeomoniella_chlamydospora.KKY18793.1	Phaeomoniella_chlamydospora.KKY18793.1Phaeomoniella_chlamydospora.KKY19786.1	Phaeomoniella_chlamydospora.KKY19786.1Phaeomoniella_chlamydospora.KKY20837.1	Phaeomoniella_chlamydospora.KKY20837.1Phaeomoniella_chlamydospora.KKY23868.1	Phaeomoniella_chlamydospora.KKY23868.1Phaeomoniella_chlamydospora.KKY23893.1	Phaeomoniella_chlamydospora.KKY23893.1Phaeomoniella_chlamydospora.KKY24098.1	Phaeomoniella_chlamydospora.KKY24098.1Phaeomoniella_chlamydospora.KKY24131.1	Phaeomoniella_chlamydospora.KKY24131.1Phaeomoniella_chlamydospora.KKY25110.1	Phaeomoniella_chlamydospora.KKY25110.1Phaeomoniella_chlamydospora.KKY27450.1	Phaeomoniella_chlamydospora.KKY27450.1Phaeomoniella_chlamydospora.KKY28420.1	Phaeomoniella_chlamydospora.KKY28420.1Phaeomoniella_chlamydospora.KKY28440.1	Phaeomoniella_chlamydospora.KKY28440.1Physcomitrella_patens.Pp3c12_12000V3.1.p	Physcomitrella_patens.Pp3c12_12000V3.1.pPhyscomitrella_patens.Pp3c14_10V3.1.p	Physcomitrella_patens.Pp3c14_10V3.1.pPhyscomitrella_patens.Pp3c15_6400V3.1.p	Physcomitrella_patens.Pp3c15_6400V3.1.pPhyscomitrella_patens.Pp3c20_19770V3.1.p	Physcomitrella_patens.Pp3c20_19770V3.1.pPhyscomitrella_patens.Pp3c22_17530V3.1.p	Physcomitrella_patens.Pp3c22_17530V3.1.pPhyscomitrella_patens.Pp3c4_30400V3.1.p	Physcomitrella_patens.Pp3c4_30400V3.1.pPhyscomitrella_patens.Pp3c5_11620V3.1.p	Physcomitrella_patens.Pp3c5_11620V3.1.pPhyscomitrella_patens.Pp3c8_22200V3.1.p	Physcomitrella_patens.Pp3c8_22200V3.1.pPhyscomitrella_patens.Pp3c8_22202V3.1.p	Physcomitrella_patens.Pp3c8_22202V3.1.pPhyscomitrella_patens.Pp3c8_25330V3.1.p	Physcomitrella_patens.Pp3c8_25330V3.1.pPhyscomitrella_patens.Pp3c8_25331V3.1.p	Physcomitrella_patens.Pp3c8_25331V3.1.pPhyscomitrella_patens.Pp3c9_560V3.1.p	Physcomitrella_patens.Pp3c9_560V3.1.pPhyscomitrella_patens.Pp3c13_14910V3.1.p	Physcomitrella_patens.Pp3c13_14910V3.1.pPhyscomitrella_patens.Pp3c13_190V3.1.p	Pp3c13_190Physcomitrella_patens.Pp3c13_650V3.1.p	Pp3c13_650Physcomitrella_patens.Pp3c13_670V3.1.p	Pp3c13_670Physcomitrella_patens.Pp3c13_930V3.1.p	Pp3c13_930Physcomitrella_patens.Pp3c13_970V3.1.p	Physcomitrella_patens.Pp3c13_970V3.1.pPhyscomitrella_patens.Pp3c27_8560V3.1.p	Physcomitrella_patens.Pp3c27_8560V3.1.pPhyscomitrella_patens.Pp3c27_8580V3.1.p	Physcomitrella_patens.Pp3c27_8580V3.1.pPhyscomitrella_patens.Pp3c27_8610V3.1.p	Pp3c27_8610Physcomitrella_patens.Pp3c27_8690V3.1.p	Pp3c27_8690Physcomitrella_patens.Pp3c27_8695V3.1.p	Pp3c27_8695Physcomitrella_patens.Pp3c27_8710V3.1.p	Pp3c27_8710Physcomitrella_patens.Pp3c27_8740V3.1.p	Pp3c27_8740Physcomitrella_patens.Pp3c27_8810V3.1.p	Pp3c27_8810Physcomitrella_patens.Pp3c27_8820V3.1.p	Pp3c27_8820Salvinia_cucullata.Sacu_v1.1_s0008.g004140	Salvinia_cucullata.Sacu_v1.1_s0008.g004140Salvinia_cucullata.Sacu_v1.1_s0010.g004665	Salvinia_cucullata.Sacu_v1.1_s0010.g004665Salvinia_cucullata.Sacu_v1.1_s0040.g012386	Salvinia_cucullata.Sacu_v1.1_s0040.g012386Salvinia_cucullata.Sacu_v1.1_s0046.g013398	Salvinia_cucullata.Sacu_v1.1_s0046.g013398Salvinia_cucullata.Sacu_v1.1_s0050.g013856	Salvinia_cucullata.Sacu_v1.1_s0050.g013856Saprolegnia_diclina_VS20.XP_008619053.1	Saprolegnia_diclina_VS20.XP_008619053.1Saprolegnia_parasitica.XP_012201716.1	Saprolegnia_parasitica.XP_012201716.1Selaginella_moellendorffii.421491	Selaginella_moellendorffii.421491Sphaerobolus_stellatus.KIJ25513.1	Sphaerobolus_stellatus.KIJ25513.1Sphaerobolus_stellatus.KIJ25693.1	Sphaerobolus_stellatus.KIJ25693.1Sphaerobolus_stellatus.KIJ26588.1	Sphaerobolus_stellatus.KIJ26588.1Sphaerobolus_stellatus.KIJ28478.1	Sphaerobolus_stellatus.KIJ28478.1Sphaerobolus_stellatus.KIJ28960.1	Sphaerobolus_stellatus.KIJ28960.1Sphaerobolus_stellatus.KIJ30314.1	Sphaerobolus_stellatus.KIJ30314.1Sphaerobolus_stellatus.KIJ31014.1	Sphaerobolus_stellatus.KIJ31014.1Sphaerobolus_stellatus.KIJ32955.1	Sphaerobolus_stellatus.KIJ32955.1Sphaerobolus_stellatus.KIJ34215.1	Sphaerobolus_stellatus.KIJ34215.1Sphaerobolus_stellatus.KIJ34485.1	Sphaerobolus_stellatus.KIJ34485.1Sphaerobolus_stellatus.KIJ36775.1	Sphaerobolus_stellatus.KIJ36775.1Sphaerobolus_stellatus.KIJ36887.1	Sphaerobolus_stellatus.KIJ36887.1Sphaerobolus_stellatus.KIJ36891.1	Sphaerobolus_stellatus.KIJ36891.1Sphaerobolus_stellatus.KIJ37195.1	Sphaerobolus_stellatus.KIJ37195.1Sphaerobolus_stellatus.KIJ39461.1	Sphaerobolus_stellatus.KIJ39461.1Sphaerobolus_stellatus.KIJ40710.1	Sphaerobolus_stellatus.KIJ40710.1Sphaerobolus_stellatus.KIJ40738.1	Sphaerobolus_stellatus.KIJ40738.1Sphaerobolus_stellatus.KIJ41213.1	Sphaerobolus_stellatus.KIJ41213.1Sphaerobolus_stellatus.KIJ42695.1	Sphaerobolus_stellatus.KIJ42695.1Sphaerobolus_stellatus.KIJ46088.1	Sphaerobolus_stellatus.KIJ46088.1Sphaerobolus_stellatus.KIJ48568.1	Sphaerobolus_stellatus.KIJ48568.1Sphaerobolus_stellatus.KIJ48672.1	Sphaerobolus_stellatus.KIJ48672.1Sphaerobolus_stellatus.KIJ48704.1	Sphaerobolus_stellatus.KIJ48704.1Sphaerobolus_stellatus.KIJ51499.1	Sphaerobolus_stellatus.KIJ51499.1Sphaerobolus_stellatus.KIJ52112.1	Sphaerobolus_stellatus.KIJ52112.1Sphaerobolus_stellatus.KIJ52516.1	Sphaerobolus_stellatus.KIJ52516.1Sphaerobolus_stellatus.KIJ53172.1	Sphaerobolus_stellatus.KIJ53172.1Sphaerobolus_stellatus.KIJ53985.1	Sphaerobolus_stellatus.KIJ53985.1Sphaerobolus_stellatus.KIJ55253.1	Sphaerobolus_stellatus.KIJ55253.1Sphaerobolus_stellatus.KIJ56469.1	Sphaerobolus_stellatus.KIJ56469.1Sphagnum_fallax.Sphfalx0072s0018.1.p	Sphagnum_fallax.Sphfalx0072s0018.1.pSporothrix_brasiliensis.KIH86519.1	Sporothrix_brasiliensis.KIH86519.1Sporothrix_brasiliensis.KIH87278.1	Sporothrix_brasiliensis.KIH87278.1Sporothrix_brasiliensis.KIH87872.1	Sporothrix_brasiliensis.KIH87872.1Sporothrix_brasiliensis.KIH87993.1	Sporothrix_brasiliensis.KIH87993.1Sporothrix_brasiliensis.KIH89753.1	Sporothrix_brasiliensis.KIH89753.1Sporothrix_brasiliensis.KIH89914.1	Sporothrix_brasiliensis.KIH89914.1Sporothrix_brasiliensis.KIH91122.1	Sporothrix_brasiliensis.KIH91122.1Sporothrix_brasiliensis.KIH91965.1	Sporothrix_brasiliensis.KIH91965.1Sporothrix_brasiliensis.KIH92617.1	Sporothrix_brasiliensis.KIH92617.1Sporothrix_brasiliensis.KIH93324.1	Sporothrix_brasiliensis.KIH93324.1Sporothrix_brasiliensis.KIH94060.1	Sporothrix_brasiliensis.KIH94060.1Sporothrix_brasiliensis.KIH94507.1	Sporothrix_brasiliensis.KIH94507.1Tolypocladium_capitatum.PNY21903.1	Tolypocladium_capitatum.PNY21903.1Tolypocladium_capitatum.PNY23089.1	Tolypocladium_capitatum.PNY23089.1Tolypocladium_capitatum.PNY23155.1	Tolypocladium_capitatum.PNY23155.1Tolypocladium_capitatum.PNY24668.1	Tolypocladium_capitatum.PNY24668.1Tolypocladium_capitatum.PNY26804.1	Tolypocladium_capitatum.PNY26804.1Tolypocladium_capitatum.PNY27926.1	Tolypocladium_capitatum.PNY27926.1Tolypocladium_capitatum.PNY28514.1	Tolypocladium_capitatum.PNY28514.1Tolypocladium_capitatum.PNY28865.1	Tolypocladium_capitatum.PNY28865.1Tolypocladium_capitatum.PNY29044.1	Tolypocladium_capitatum.PNY29044.1Tolypocladium_capitatum.PNY29116.1	Tolypocladium_capitatum.PNY29116.1Tuber_borchii.PUU77728.1	Tuber_borchii.PUU77728.1Tuber_borchii.PUU77893.1	Tuber_borchii.PUU77893.1Tuber_borchii.PUU78600.1	Tuber_borchii.PUU78600.1Tuber_borchii.PUU79342.1	Tuber_borchii.PUU79342.1Tuber_borchii.PUU79343.1	Tuber_borchii.PUU79343.1Volvox_carteri.Vocar.0001s1157.1.p	Volvox_carteri.Vocar.0001s1157.1.pVolvox_carteri.Vocar.0001s1163.1.p	Volvox_carteri.Vocar.0001s1163.1.pVolvox_carteri.Vocar.0009s0176.1.p	Volvox_carteri.Vocar.0009s0176.1.pVolvox_carteri.Vocar.0017s0119.1.p	Volvox_carteri.Vocar.0017s0119.1.pVolvox_carteri.Vocar.0017s0126.1.p	Volvox_carteri.Vocar.0017s0126.1.p